{"mean_episode_reward": 6272.4093668637615, "rmse": 2.225879206583229}