{"mean_episode_reward": -595.9610002543408, "rmse": 403.0250281221318}