{"mean_episode_reward": 2990.180145299437, "rmse": 0.00728484679390471, "smoothness": 112.13990000026773}